サイト名,商品タイトル,落札価格,終了日,入札数,サムネイル画像URL,商品ＩＤ,実サイト商品ページのURL,詳細ページのURL,開始価格,出品者ID
ヤフオク,【送料無料】大野ゴム 分割式 ドライブシャフトブーツ OJ-048GK スズキ アルト HA24S 片側 左右共通 フロント アウター,3619,2023/5/2,1,https://auctions.afimg.jp/item_data/thumbnail/20230502/yahoo/1/1051099575.jpg,1051099575,https://page.auctions.yahoo.co.jp/jp/auction/1051099575,https://aucfan.com/aucview/yahoo/1051099575/,3619,shop_acv
ヤフオク,アルファード ヴェルファイア30系 専用サンシェード 車用カーテン カーシェード 遮光 断熱 車中泊グッズ 防災グッズ パーツ,3619,2023/4/9,1,https://auctions.afimg.jp/item_data/thumbnail/20230409/yahoo/1/1078130363.jpg,1078130363,https://page.auctions.yahoo.co.jp/jp/auction/1078130363,https://aucfan.com/aucview/yahoo/1078130363/,3619,frjli19235
ヤフオク,ふそう ブルーテック キャンター コーナーランプ カバー 右 純正タイプ MK5803530 MK580529 DEPO コーナー 送料無料,3619,2023/4/17,1,https://auctions.afimg.jp/item_data/thumbnail/20230417/yahoo/1/1079059391.jpg,1079059391,https://page.auctions.yahoo.co.jp/jp/auction/1079059391,https://aucfan.com/aucview/yahoo/1079059391/,3619,auto_parts_jp
ヤフオク,NHP/NSP/NCP170系 シエンタ [H27.7-] ドアミラー サイドミラー 自動格納キット Lタイプ オートリトラクタブルミラー キーレス連動,3619,2023/4/13,1,https://auctions.afimg.jp/item_data/thumbnail/20230413/yahoo/1/1084115082.jpg,1084115082,https://page.auctions.yahoo.co.jp/jp/auction/1084115082,https://aucfan.com/aucview/yahoo/1084115082/,3619,inexparts
ヤフオク,S500P S510P ハイゼット トラック 電動格納設定車のみ [R4.1-] ドアミラー サイドミラー 自動格納キット Jタイプ キーレス連動,3619,2023/4/8,1,https://auctions.afimg.jp/item_data/thumbnail/20230408/yahoo/1/1085105389.jpg,1085105389,https://page.auctions.yahoo.co.jp/jp/auction/1085105389,https://aucfan.com/aucview/yahoo/1085105389/,3619,inex_shop
ヤフオク,トヨタ純正 TOYOTAロゴ入り フロント サンシェード 収納袋付き 日よけ 収納バッグ ランクルプラド ランドクルーザープラド 120系 GRJ120,3619,2023/4/17,1,https://auctions.afimg.jp/item_data/thumbnail/20230417/yahoo/1/1085378667.jpg,1085378667,https://page.auctions.yahoo.co.jp/jp/auction/1085378667,https://aucfan.com/aucview/yahoo/1085378667/,3619,truck_tuners_parts
ヤフオク,メルセデスベンツ W222 Ｓクラス 2013年8月～ エアコンフィルター 活性炭入 Mercedes-Benz,3619,2023/4/19,1,https://auctions.afimg.jp/item_data/thumbnail/20230419/yahoo/1/1085480593.jpg,1085480593,https://page.auctions.yahoo.co.jp/jp/auction/1085480593,https://aucfan.com/aucview/yahoo/1085480593/,3619,inexparts
ヤフオク,USスバル純正 フューエルキャップ ガスキャップ 燃料キャップ 英語表記入 フォレスター SH系 インプレッサ WRX STI GV系 GR系,3619,2023/4/16,1,https://auctions.afimg.jp/item_data/thumbnail/20230416/yahoo/1/1087978964.jpg,1087978964,https://page.auctions.yahoo.co.jp/jp/auction/1087978964,https://aucfan.com/aucview/yahoo/1087978964/,3619,iacinternational
ヤフオク,S500P S510P ハイゼット トラック 電動格納設定車のみ [R4.1-] ドアミラー サイドミラー 自動格納キット Jタイプ キーレス連動,3619,2023/4/24,1,https://auctions.afimg.jp/item_data/thumbnail/20230424/yahoo/1/1088050132.jpg,1088050132,https://page.auctions.yahoo.co.jp/jp/auction/1088050132,https://aucfan.com/aucview/yahoo/1088050132/,3619,inexparts
ヤフオク,★新品★POG 車種専用 ツイーターパネル 120W ツイーター付き S700V S710V アトレー用 ハイゼットカーゴ用 左右セット TN-5762MA,3619,2023/4/21,2,https://auctions.afimg.jp/item_data/thumbnail/20230421/yahoo/1/1088795010.jpg,1088795010,https://page.auctions.yahoo.co.jp/jp/auction/1088795010,https://aucfan.com/aucview/yahoo/1088795010/,3619,pog22222
ヤフオク,スパッタシルバー50　運転席・助手席　アコードツアラー CW1・CW2　カット済みカーフィルム　,3619,2023/4/12,1,https://auctions.afimg.jp/item_data/thumbnail/20230412/yahoo/b/b1058591221.jpg,b1058591221,https://page.auctions.yahoo.co.jp/jp/auction/b1058591221,https://aucfan.com/aucview/yahoo/b1058591221/,3619,japancarfilm_com
ヤフオク,スパッタシルバー35 運転席・助手席　CX-5 KE　カット済みカーフィルム,3619,2023/4/10,1,https://auctions.afimg.jp/item_data/thumbnail/20230410/yahoo/b/b1060582992.jpg,b1060582992,https://page.auctions.yahoo.co.jp/jp/auction/b1060582992,https://aucfan.com/aucview/yahoo/b1060582992/,3619,japancarfilm_com
ヤフオク,スパッタシルバー50　運転席・助手席　ハイゼットトラック　S500P　S510P　カット済みカーフィルム,3619,2023/4/24,1,https://auctions.afimg.jp/item_data/thumbnail/20230424/yahoo/b/b1064327413.jpg,b1064327413,https://page.auctions.yahoo.co.jp/jp/auction/b1064327413,https://aucfan.com/aucview/yahoo/b1064327413/,3619,hinasehomenet
ヤフオク,ABS製 跳ね上げ タイプ 汎用 リップスポイラー アンダー リア カナード 黒 ブラック フラップ エアロ ドレスアップ 送料無料/1,3619,2023/4/8,1,https://auctions.afimg.jp/item_data/thumbnail/20230408/yahoo/b/b1066652394.jpg,b1066652394,https://page.auctions.yahoo.co.jp/jp/auction/b1066652394,https://aucfan.com/aucview/yahoo/b1066652394/,3619,t_enaira
ヤフオク,トヨタ ハイエース 200 系 1型 2型 3型 4型 リアクリスタルコンビテールランプ サイドフィン付 純正タイプ 右 テールライト HIACE 送料無料,3619,2023/4/18,1,https://auctions.afimg.jp/item_data/thumbnail/20230418/yahoo/b/b1081411926.jpg,b1081411926,https://page.auctions.yahoo.co.jp/jp/auction/b1081411926,https://aucfan.com/aucview/yahoo/b1081411926/,3619,auto_parts_jp
ヤフオク,新型 アトレー デッキバン S700W S710W ダイハツ 自動 アイドリングストップ OFF キャンセラー,3619,2023/4/19,1,https://auctions.afimg.jp/item_data/thumbnail/20230419/yahoo/b/b1083456680.jpg,b1083456680,https://page.auctions.yahoo.co.jp/jp/auction/b1083456680,https://aucfan.com/aucview/yahoo/b1083456680/,3619,kikakumr
ヤフオク,軽自動車用 イエロー 実物大 なんちゃってナンバープレート JDMプレート デザインフリー オリジナル カスタムカー 車種 地名,3619,2023/4/10,1,https://auctions.afimg.jp/item_data/thumbnail/20230410/yahoo/b/b1084019281.jpg,b1084019281,https://page.auctions.yahoo.co.jp/jp/auction/b1084019281,https://aucfan.com/aucview/yahoo/b1084019281/,3619,emblemstore
ヤフオク,ランドクルーザー 40 系 BJ43 BJ40 74y-80y ランクル コーナー ランプ 左右 12V 81520-60300 81510-60170 ウィンカー 送込,3619,2023/4/15,1,https://auctions.afimg.jp/item_data/thumbnail/20230415/yahoo/b/b1084373709.jpg,b1084373709,https://page.auctions.yahoo.co.jp/jp/auction/b1084373709,https://aucfan.com/aucview/yahoo/b1084373709/,3619,auto_parts_jp
ヤフオク,L675S/L685S ミラココア [H21.8-H30.3] ドアミラー サイドミラー 自動格納キット Jタイプ オートリトラクタブルミラー キーレス連動,3619,2023/4/30,1,https://auctions.afimg.jp/item_data/thumbnail/20230430/yahoo/b/b1084381473.jpg,b1084381473,https://page.auctions.yahoo.co.jp/jp/auction/b1084381473,https://aucfan.com/aucview/yahoo/b1084381473/,3619,inexparts
ヤフオク,トヨタ純正 TOYOTAロゴ入り フロント サンシェード 日よけ 収納袋付き ランクル200 ランドクルーザー 200系 UZJ200W,3619,2023/4/10,1,https://auctions.afimg.jp/item_data/thumbnail/20230410/yahoo/b/b1085380902.jpg,b1085380902,https://page.auctions.yahoo.co.jp/jp/auction/b1085380902,https://aucfan.com/aucview/yahoo/b1085380902/,3619,truck_tuners_parts
ヤフオク,S500P S510P ハイゼット トラック 電動格納設定車のみ [R4.1-] ドアミラー サイドミラー 自動格納キット Jタイプ キーレス連動,3619,2023/4/11,1,https://auctions.afimg.jp/item_data/thumbnail/20230411/yahoo/b/b1087146866.jpg,b1087146866,https://page.auctions.yahoo.co.jp/jp/auction/b1087146866,https://aucfan.com/aucview/yahoo/b1087146866/,3619,inexparts
ヤフオク,トヨタ ハイエース 200 系 1型 2型 3型 4型 リアクリスタルコンビテールランプ サイドフィン付 純正タイプ 左 テールライト HIACE 送料無料,3619,2023/4/9,1,https://auctions.afimg.jp/item_data/thumbnail/20230409/yahoo/b/b1087696189.jpg,b1087696189,https://page.auctions.yahoo.co.jp/jp/auction/b1087696189,https://aucfan.com/aucview/yahoo/b1087696189/,3619,auto_parts_jp
ヤフオク,【未使用品】PHILIPS LEDバルブ ヘッドライト用 HB3/HB4 11006ULS2-0015431 6000K/2400ｌｍ 長期在庫,3619,2023/5/5,1,https://auctions.afimg.jp/item_data/thumbnail/20230505/yahoo/b/b1087740790.jpg,b1087740790,https://page.auctions.yahoo.co.jp/jp/auction/b1087740790,https://aucfan.com/aucview/yahoo/b1087740790/,3619,fujisawachogo_0425
ヤフオク,100W H8 LED フォグ ML21S ルークス 2個セット 12V 20000ルーメン 6000ケルビン,3619,2023/4/24,1,https://auctions.afimg.jp/item_data/thumbnail/20230424/yahoo/b/b1088271768.jpg,b1088271768,https://page.auctions.yahoo.co.jp/jp/auction/b1088271768,https://aucfan.com/aucview/yahoo/b1088271768/,3619,inex_shop
ヤフオク,新型 プリウス PHEV 60系 スマートキーケース スマートキーカバー 本革 フレンチバーミリオン 専用設計 BRALD,3619,2023/4/26,1,https://auctions.afimg.jp/item_data/thumbnail/20230426/yahoo/b/b1088483702.jpg,b1088483702,https://page.auctions.yahoo.co.jp/jp/auction/b1088483702,https://aucfan.com/aucview/yahoo/b1088483702/,3619,kikakumr
ヤフオク,トヨタ ランドクルーザー 80系 フロントクリスタルウィンカーランプ FJ80 FZJ80G HZJ81V HDJ81V ランクル クリア レンズ バンパー 送料無料,3619,2023/4/24,1,https://auctions.afimg.jp/item_data/thumbnail/20230424/yahoo/b/b1088626252.jpg,b1088626252,https://page.auctions.yahoo.co.jp/jp/auction/b1088626252,https://aucfan.com/aucview/yahoo/b1088626252/,3619,auto_parts_jp
ヤフオク,トヨタ ハイエース 200 系 1型 2型 3型 4型 リアクリスタルコンビテールランプ サイドフィン付 純正タイプ 右 テールライト HIACE 送料無料,3619,2023/5/2,1,https://auctions.afimg.jp/item_data/thumbnail/20230502/yahoo/b/b1089993577.jpg,b1089993577,https://page.auctions.yahoo.co.jp/jp/auction/b1089993577,https://aucfan.com/aucview/yahoo/b1089993577/,3619,auto_parts_jp
ヤフオク,ステップワゴン RP系 専用 2列目用シートバックテーブルマット 2枚セット エアー スパーダ STEPWGN RP6/RP7/RP8 内装,3619,2023/5/2,1,https://auctions.afimg.jp/item_data/thumbnail/20230502/yahoo/b/b1090059827.jpg,b1090059827,https://page.auctions.yahoo.co.jp/jp/auction/b1090059827,https://aucfan.com/aucview/yahoo/b1090059827/,3619,hid1234zxcv
ヤフオク,2022最新 ESQUIRE エスクァイア 80/85系 ノア ヴォクシー 486連 ハイブリッドok LED ルームランプ 7点セット ,3619,2023/5/4,1,https://auctions.afimg.jp/item_data/thumbnail/20230504/yahoo/b/b1090622461.jpg,b1090622461,https://page.auctions.yahoo.co.jp/jp/auction/b1090622461,https://aucfan.com/aucview/yahoo/b1090622461/,3619,mikiyukimaumako
ヤフオク,LEDウインカー T20 抵抗内蔵 ミラ/カスタム L275S/285S系 H18.12～H30.3 フロント リア,3619,2023/4/29,1,https://auctions.afimg.jp/item_data/thumbnail/20230429/yahoo/c/c1025723278.jpg,c1025723278,https://page.auctions.yahoo.co.jp/jp/auction/c1025723278,https://aucfan.com/aucview/yahoo/c1025723278/,3619,dopest_jp
ヤフオク,スパッタシルバー70　運転席・助手席　ハイゼットトラック　S201P・S211P・210P　カット済みカーフィルム,3619,2023/4/17,1,https://auctions.afimg.jp/item_data/thumbnail/20230417/yahoo/c/c1036834987.jpg,c1036834987,https://page.auctions.yahoo.co.jp/jp/auction/c1036834987,https://aucfan.com/aucview/yahoo/c1036834987/,3619,advancefilm
ヤフオク,ダークスモーク　13％　極厚　2層構造フィルム　MRワゴン MF22S　カット済みカーフィルム　リヤーセット,3619,2023/4/17,1,https://auctions.afimg.jp/item_data/thumbnail/20230417/yahoo/c/c1051050158.jpg,c1051050158,https://page.auctions.yahoo.co.jp/jp/auction/c1051050158,https://aucfan.com/aucview/yahoo/c1051050158/,3619,japancarfilm
ヤフオク,スパッタシルバー70　運転席・助手席　エブリー バン ハイルーフ　DA17V カット済みカーフィルム,3619,2023/4/26,1,https://auctions.afimg.jp/item_data/thumbnail/20230426/yahoo/c/c1060750802.jpg,c1060750802,https://page.auctions.yahoo.co.jp/jp/auction/c1060750802,https://aucfan.com/aucview/yahoo/c1060750802/,3619,hinasehomenet
ヤフオク,ハイエース 200系 / ドアアームレスト 小 / 肘掛け / 左右2個セット / 色：レッドステッチ+ワインレッド / 互換品,3619,2023/4/8,1,https://auctions.afimg.jp/item_data/thumbnail/20230408/yahoo/c/c1086767259.jpg,c1086767259,https://page.auctions.yahoo.co.jp/jp/auction/c1086767259,https://aucfan.com/aucview/yahoo/c1086767259/,3619,autoagency
ヤフオク,ムーヴコンテ カスタム L575S L585S H20.8～H29.3 ドアミラー自動格納キット 簡易配線図付 キーレス連動 ACC連動 送料無料 / 28-501 SM-N,3619,2023/4/14,1,https://auctions.afimg.jp/item_data/thumbnail/20230414/yahoo/c/c1087692147.jpg,c1087692147,https://page.auctions.yahoo.co.jp/jp/auction/c1087692147,https://aucfan.com/aucview/yahoo/c1087692147/,3619,motorpower4
ヤフオク,新型 アトレー S700 S710V ダイハツ 自動 アイドリングストップ OFF キャンセラー,3619,2023/4/24,1,https://auctions.afimg.jp/item_data/thumbnail/20230424/yahoo/c/c1088201203.jpg,c1088201203,https://page.auctions.yahoo.co.jp/jp/auction/c1088201203,https://aucfan.com/aucview/yahoo/c1088201203/,3619,kikakumr
ヤフオク,★新品★POG ハイゼットカーゴ用 HIJETカーゴ用 6.8インチモニター車専用 S700V S710V ダッシュボードマット ブラック HN-4601C,3619,2023/4/27,1,https://auctions.afimg.jp/item_data/thumbnail/20230427/yahoo/c/c1089024907.jpg,c1089024907,https://page.auctions.yahoo.co.jp/jp/auction/c1089024907,https://aucfan.com/aucview/yahoo/c1089024907/,3619,pog22222
ヤフオク,トヨタ純正 TOYOTAロゴ入 フロント サンシェード フロントガラス 日よけ 収納袋付 ランクルプラド 120プラド ランドクルーザープラド 120系,3619,2023/4/26,1,https://auctions.afimg.jp/item_data/thumbnail/20230426/yahoo/c/c1089310055.jpg,c1089310055,https://page.auctions.yahoo.co.jp/jp/auction/c1089310055,https://aucfan.com/aucview/yahoo/c1089310055/,3619,truck_tuners_parts
ヤフオク,ステップワゴン RP系 専用 2列目用シートバックテーブルマット 2枚セット エアー スパーダ STEPWGN RP6/RP7/RP8 内装,3619,2023/5/5,1,https://auctions.afimg.jp/item_data/thumbnail/20230505/yahoo/c/c1090576377.jpg,c1090576377,https://page.auctions.yahoo.co.jp/jp/auction/c1090576377,https://aucfan.com/aucview/yahoo/c1090576377/,3619,hid1234zxcv
ヤフオク,スパッタシルバー70　運転席・助手席　トヨタ　ハイラックスサーフ　N18#　カット済みカーフィルム　,3619,2023/4/8,1,https://auctions.afimg.jp/item_data/thumbnail/20230408/yahoo/d/d1045699941.jpg,d1045699941,https://page.auctions.yahoo.co.jp/jp/auction/d1045699941,https://aucfan.com/aucview/yahoo/d1045699941/,3619,advancefilm2
ヤフオク,スパッタシルバー35　運転席・助手席　トヨタ　ヴェルファイア H20W・H25W　カット済みカーフィルム　,3619,2023/4/25,1,https://auctions.afimg.jp/item_data/thumbnail/20230425/yahoo/d/d1049334795.jpg,d1049334795,https://page.auctions.yahoo.co.jp/jp/auction/d1049334795,https://aucfan.com/aucview/yahoo/d1049334795/,3619,advancefilm
ヤフオク,スーパーブラック　5％　ハイエース ロング　KDH20#・TRH20#・GDH20#・GDH211 タイプ３２　６型　カット済みカーフィルム　リヤーセット,3619,2023/4/17,1,https://auctions.afimg.jp/item_data/thumbnail/20230417/yahoo/d/d1053839756.jpg,d1053839756,https://page.auctions.yahoo.co.jp/jp/auction/d1053839756,https://aucfan.com/aucview/yahoo/d1053839756/,3619,advancefilm2
ヤフオク,スパッタシルバー50　運転席・助手席　タント　LA600S・LA610S　カット済みカーフィルム,3619,2023/5/5,1,https://auctions.afimg.jp/item_data/thumbnail/20230505/yahoo/d/d1059988507.jpg,d1059988507,https://page.auctions.yahoo.co.jp/jp/auction/d1059988507,https://aucfan.com/aucview/yahoo/d1059988507/,3619,japancarfilm_com
ヤフオク,メルセデスベンツ W213/S213/A238/C238 Eクラス　2016年3月～ エアコンフィルター 活性炭入 内気用/外気用 2個セット Mercedes-Benz,3619,2023/4/18,1,https://auctions.afimg.jp/item_data/thumbnail/20230418/yahoo/d/d1064616193.jpg,d1064616193,https://page.auctions.yahoo.co.jp/jp/auction/d1064616193,https://aucfan.com/aucview/yahoo/d1064616193/,3619,inexparts
ヤフオク,200系 ハイエース 電動格納 ドアミラー モーター 運転席用 右側,3619,2023/4/15,1,https://auctions.afimg.jp/item_data/thumbnail/20230415/yahoo/d/d1074366072.jpg,d1074366072,https://page.auctions.yahoo.co.jp/jp/auction/d1074366072,https://aucfan.com/aucview/yahoo/d1074366072/,3619,inex_shop
ヤフオク,ライトスモーク　５０％ リヤセット　マーク２　（マークII）　X110・X115 カット済みフィルム,3619,2023/4/12,1,https://auctions.afimg.jp/item_data/thumbnail/20230412/yahoo/d/d1081451390.jpg,d1081451390,https://page.auctions.yahoo.co.jp/jp/auction/d1081451390,https://aucfan.com/aucview/yahoo/d1081451390/,3619,advancefilm
ヤフオク,ランドクルーザー 100 101 98-07y クリスタル サイドマーカー アンバー 左右セット イエロー ランクル UZJ100W HDJ101K 定形外 送込,3619,2023/4/14,1,https://auctions.afimg.jp/item_data/thumbnail/20230414/yahoo/d/d1082375113.jpg,d1082375113,https://page.auctions.yahoo.co.jp/jp/auction/d1082375113,https://aucfan.com/aucview/yahoo/d1082375113/,3619,auto_parts_jp
ヤフオク,ミラーフィルム　リヤセット　ステラ RN1 RN2　カット済みカーフィルム　ハードコート,3619,2023/4/12,1,https://auctions.afimg.jp/item_data/thumbnail/20230412/yahoo/d/d1082922896.jpg,d1082922896,https://page.auctions.yahoo.co.jp/jp/auction/d1082922896,https://aucfan.com/aucview/yahoo/d1082922896/,3619,advancefilm
ヤフオク,HIDキット 12V 35W【 HB4 】3000K 4300k 6000k 8000k 10000k 12000k 30000k フォグランプ ヘッドライト HID KIT 1年保証,3619,2023/5/1,1,https://auctions.afimg.jp/item_data/thumbnail/20230501/yahoo/d/d1085547293.jpg,d1085547293,https://page.auctions.yahoo.co.jp/jp/auction/d1085547293,https://aucfan.com/aucview/yahoo/d1085547293/,3619,saya2000sea
ヤフオク,トヨタ ランドクルーザー 80系 フロントクリスタルウィンカーランプ FJ80 FZJ80G HZJ81V HDJ81V ランクル クリア レンズ バンパー 送料無料,3619,2023/4/10,1,https://auctions.afimg.jp/item_data/thumbnail/20230410/yahoo/d/d1087263024.jpg,d1087263024,https://page.auctions.yahoo.co.jp/jp/auction/d1087263024,https://aucfan.com/aucview/yahoo/d1087263024/,3619,auto_parts_jp
ヤフオク,送込 シボレー サバーバン タホ C-1500 K-1500 コーナー ランプ 左右 4点セット クリスタル C1500 K1500 1500 1994y - 1999y,3619,2023/4/27,1,https://auctions.afimg.jp/item_data/thumbnail/20230427/yahoo/d/d1087423955.jpg,d1087423955,https://page.auctions.yahoo.co.jp/jp/auction/d1087423955,https://aucfan.com/aucview/yahoo/d1087423955/,3619,auto_parts_jp
ヤフオク,トヨタ純正 TOYOTA ロゴ入り フロント サンシェード 日よけ 収納袋付き クラウン 200系 ロイヤル GRS200 ハイブリッド GWS200,3619,2023/4/12,1,https://auctions.afimg.jp/item_data/thumbnail/20230412/yahoo/d/d1087586456.jpg,d1087586456,https://page.auctions.yahoo.co.jp/jp/auction/d1087586456,https://aucfan.com/aucview/yahoo/d1087586456/,3619,truck_tuners_parts
ヤフオク,L175S L185S ムーヴ ムーヴカスタム H18.10～H22.11 ドアミラー自動格納キット 簡易配線図付 キーレス連動 ACC連動 送料無料 / 28-501 SM-N,3619,2023/4/14,1,https://auctions.afimg.jp/item_data/thumbnail/20230414/yahoo/d/d1087707869.jpg,d1087707869,https://page.auctions.yahoo.co.jp/jp/auction/d1087707869,https://aucfan.com/aucview/yahoo/d1087707869/,3619,motorpower4
ヤフオク,★新品★POG ハイゼットカーゴ用 HIJETカーゴ用 6.8インチモニター車専用 S700V S710V ダッシュボードマット ブラック HN-4601C,3619,2023/4/25,2,https://auctions.afimg.jp/item_data/thumbnail/20230425/yahoo/d/d1088292669.jpg,d1088292669,https://page.auctions.yahoo.co.jp/jp/auction/d1088292669,https://aucfan.com/aucview/yahoo/d1088292669/,3619,pog22222
ヤフオク,トヨタ純正 TOYOTAロゴ入 フロント サンシェード フロントガラス 日よけ 収納袋付 ランクル100 ランドクルーザー 100系 UZJ100W HDJ101K,3619,2023/4/22,1,https://auctions.afimg.jp/item_data/thumbnail/20230422/yahoo/d/d1089315624.jpg,d1089315624,https://page.auctions.yahoo.co.jp/jp/auction/d1089315624,https://aucfan.com/aucview/yahoo/d1089315624/,3619,truck_tuners_parts
ヤフオク,ウルトラブラック　3％　ハイエース ロング　KDH20#・TRH20#・GDH20#・GDH211 タイプ３２　６型　カット済みカーフィルム　リヤーセット,3619,2023/5/4,1,https://auctions.afimg.jp/item_data/thumbnail/20230504/yahoo/e/e1053837959.jpg,e1053837959,https://page.auctions.yahoo.co.jp/jp/auction/e1053837959,https://aucfan.com/aucview/yahoo/e1053837959/,3619,japancarfilm_com
ヤフオク,スパッタシルバー70　運転席・助手席　フィット GD1・GD2・GD3・GD4 カット済みカーフィルム　,3619,2023/4/16,1,https://auctions.afimg.jp/item_data/thumbnail/20230416/yahoo/e/e1058866778.jpg,e1058866778,https://page.auctions.yahoo.co.jp/jp/auction/e1058866778,https://aucfan.com/aucview/yahoo/e1058866778/,3619,japancarfilm_com
ヤフオク,スパッタシルバー70　運転席・助手席　トヨタ　エスティマ　GSR50・GSR55W　カット済みカーフィルム　,3619,2023/4/13,1,https://auctions.afimg.jp/item_data/thumbnail/20230413/yahoo/e/e1060952212.jpg,e1060952212,https://page.auctions.yahoo.co.jp/jp/auction/e1060952212,https://aucfan.com/aucview/yahoo/e1060952212/,3619,japancarfilm
ヤフオク,ワイドトレッドスペーサー 114.3-5H-P1.25-30mm ナット付 赤 1D ホイール スペーサー 2個・1セット 5穴,3619,2023/5/5,1,https://auctions.afimg.jp/item_data/thumbnail/20230505/yahoo/e/e1067479846.jpg,e1067479846,https://page.auctions.yahoo.co.jp/jp/auction/e1067479846,https://aucfan.com/aucview/yahoo/e1067479846/,3619,w_m_world
ヤフオク,スパッタシルバー15　運転席・助手席　インテグラ　DB6・DB7・DB8・DB9　４ドア　カット済みカーフィルム　ハードコート,3619,2023/4/25,1,https://auctions.afimg.jp/item_data/thumbnail/20230425/yahoo/e/e1073829971.jpg,e1073829971,https://page.auctions.yahoo.co.jp/jp/auction/e1073829971,https://aucfan.com/aucview/yahoo/e1073829971/,3619,advancefilm
ヤフオク,ラグジーグリーン　５５％ リヤセット　クラウン　セダン　S17# カット済みフィルム,3619,2023/4/26,1,https://auctions.afimg.jp/item_data/thumbnail/20230426/yahoo/e/e1081220877.jpg,e1081220877,https://page.auctions.yahoo.co.jp/jp/auction/e1081220877,https://aucfan.com/aucview/yahoo/e1081220877/,3619,advancefilm
ヤフオク,【送料無料】大野ゴム 分割式 ドライブシャフトブーツ OJ-048GK スズキ パレット MK21S 左側 助手席側 フロント アウター,3619,2023/4/26,1,https://auctions.afimg.jp/item_data/thumbnail/20230426/yahoo/e/e1085202028.jpg,e1085202028,https://page.auctions.yahoo.co.jp/jp/auction/e1085202028,https://aucfan.com/aucview/yahoo/e1085202028/,3619,shop_acv
ヤフオク,トヨタ純正 TOYOTAロゴ入り フロント サンシェード 日よけ 収納袋付き 収納バッグ ランクル100 ランドクルーザー 100系 UZJ100W,3619,2023/4/8,1,https://auctions.afimg.jp/item_data/thumbnail/20230408/yahoo/e/e1085669342.jpg,e1085669342,https://page.auctions.yahoo.co.jp/jp/auction/e1085669342,https://aucfan.com/aucview/yahoo/e1085669342/,3619,truck_tuners_parts
ヤフオク,"ACデルコ♪11～18　フォード　エクスプローラー　2,0/2,3/3.,5　エアクリーナー　（エアエレメント）",3619,2023/4/12,1,https://auctions.afimg.jp/item_data/thumbnail/20230412/yahoo/e/e1086674036.jpg,e1086674036,https://page.auctions.yahoo.co.jp/jp/auction/e1086674036,https://aucfan.com/aucview/yahoo/e1086674036/,3617,quickparts_jp
ヤフオク,トヨタ純正 TOYOTA ロゴ入り フロント サンシェード 収納袋付き 日よけ 汎用品 80系 ハリアー HARRIER S G Z MXUA80 MXUA85,3619,2023/4/12,1,https://auctions.afimg.jp/item_data/thumbnail/20230412/yahoo/e/e1087206273.jpg,e1087206273,https://page.auctions.yahoo.co.jp/jp/auction/e1087206273,https://aucfan.com/aucview/yahoo/e1087206273/,3619,truck_tuners_parts
ヤフオク,トヨタ ハイエース 200 系 1型 2型 3型 4型 リアクリスタルコンビテールランプ サイドフィン付 純正タイプ 右 テールライト HIACE 送料無料,3619,2023/4/25,1,https://auctions.afimg.jp/item_data/thumbnail/20230425/yahoo/e/e1088898911.jpg,e1088898911,https://page.auctions.yahoo.co.jp/jp/auction/e1088898911,https://aucfan.com/aucview/yahoo/e1088898911/,3619,auto_parts_jp
ヤフオク,LEDウインカー S25 抵抗内蔵 ピン角違い ミラ イース LA300S/310S系 H23.9～H29.4 リア,3619,2023/4/23,1,https://auctions.afimg.jp/item_data/thumbnail/20230423/yahoo/f/f1025729844.jpg,f1025729844,https://page.auctions.yahoo.co.jp/jp/auction/f1025729844,https://aucfan.com/aucview/yahoo/f1025729844/,3619,dopest_jp
ヤフオク,スパッタシルバー50　運転席・助手席　エブリィ ワゴン DA64W カット済みカーフィルム,3619,2023/4/24,1,https://auctions.afimg.jp/item_data/thumbnail/20230424/yahoo/f/f1032212217.jpg,f1032212217,https://page.auctions.yahoo.co.jp/jp/auction/f1032212217,https://aucfan.com/aucview/yahoo/f1032212217/,3619,advancefilm
ヤフオク,ピクシストラック 500系 200系 マッドガード マッドフラップ レッド 4WD ロゴ入り,3619,2023/4/23,1,https://auctions.afimg.jp/item_data/thumbnail/20230423/yahoo/f/f1060000571.jpg,f1060000571,https://page.auctions.yahoo.co.jp/jp/auction/f1060000571,https://aucfan.com/aucview/yahoo/f1060000571/,3619,kikakumr
ヤフオク,シエンタ 170系 専用サンシェード 車用カーテン カーシェード 遮光 断熱 車中泊グッズ 防災グッズ パーツ 紫外線対策,3619,2023/5/2,1,https://auctions.afimg.jp/item_data/thumbnail/20230502/yahoo/f/f1062068937.jpg,f1062068937,https://page.auctions.yahoo.co.jp/jp/auction/f1062068937,https://aucfan.com/aucview/yahoo/f1062068937/,3619,frjli19235
ヤフオク,100W HB3 LED ハイビーム CT9A ランサーエボリューションIX 2個セット 12V 20000ルーメン 6000ケルビン,3619,2023/4/30,1,https://auctions.afimg.jp/item_data/thumbnail/20230430/yahoo/f/f1070678158.jpg,f1070678158,https://page.auctions.yahoo.co.jp/jp/auction/f1070678158,https://aucfan.com/aucview/yahoo/f1070678158/,3619,inexparts
ヤフオク,クイックリリースボス クイックリリース ステアリングボス ハンドル SPARCO スパルコ MOMO モモ 着脱式 スペーサー ゴールド,3619,2023/4/16,1,https://auctions.afimg.jp/item_data/thumbnail/20230416/yahoo/f/f1070819585.jpg,f1070819585,https://page.auctions.yahoo.co.jp/jp/auction/f1070819585,https://aucfan.com/aucview/yahoo/f1070819585/,3619,m2k_auto
ヤフオク,新品即納NGK製1985-2000 ジープ XJ チェロキー スパークプラグ グランドチェロキー,3619,2023/4/12,1,https://auctions.afimg.jp/item_data/thumbnail/20230412/yahoo/f/f1078834172.jpg,f1078834172,https://page.auctions.yahoo.co.jp/jp/auction/f1078834172,https://aucfan.com/aucview/yahoo/f1078834172/,3610,kuziraya01
ヤフオク,ヤマハ シグナスX SE12J/SE44J　リアキャリア バイクパーツセンター,3619,2023/4/12,1,https://auctions.afimg.jp/item_data/thumbnail/20230412/yahoo/f/f1079128460.jpg,f1079128460,https://page.auctions.yahoo.co.jp/jp/auction/f1079128460,https://aucfan.com/aucview/yahoo/f1079128460/,3619,yoshi_kanjp
ヤフオク,日産 新型 エクストレイル T33 コンソールボックストレイ 1P 滑り止めゴム付き カスタム パーツ,3619,2023/4/12,1,https://auctions.afimg.jp/item_data/thumbnail/20230412/yahoo/f/f1084279652.jpg,f1084279652,https://page.auctions.yahoo.co.jp/jp/auction/f1084279652,https://aucfan.com/aucview/yahoo/f1084279652/,3619,priz0620
ヤフオク,LA650S LA660S タント タントカスタム パワーウインドウオート化キット パワーウィンドウオート化 ワンタッチ開閉 窓 カプラーオン,3619,2023/4/18,1,https://auctions.afimg.jp/item_data/thumbnail/20230418/yahoo/f/f1084281328.jpg,f1084281328,https://page.auctions.yahoo.co.jp/jp/auction/f1084281328,https://aucfan.com/aucview/yahoo/f1084281328/,3619,inexparts
ヤフオク,【未使用品】シリウス フラットLED T10ｘ37 6500Ｋ 輸入車専用LED DBA304 ベロフ 長期在庫,3619,2023/4/8,1,https://auctions.afimg.jp/item_data/thumbnail/20230408/yahoo/f/f1085266788.jpg,f1085266788,https://page.auctions.yahoo.co.jp/jp/auction/f1085266788,https://aucfan.com/aucview/yahoo/f1085266788/,3619,fujisawachogo_0425
ヤフオク,新型 アトレー S700 S710V ダイハツ 自動 アイドリングストップ OFF キャンセラー,3619,2023/4/12,1,https://auctions.afimg.jp/item_data/thumbnail/20230412/yahoo/f/f1087568867.jpg,f1087568867,https://page.auctions.yahoo.co.jp/jp/auction/f1087568867,https://aucfan.com/aucview/yahoo/f1087568867/,3619,kikakumr
ヤフオク,ミライース LA300S LA310S H23.9～H29.4 ドアミラー自動格納キット 簡易配線図付 キーレス連動 ACC連動 送料無料 / 28-501 SM-N,3619,2023/4/14,1,https://auctions.afimg.jp/item_data/thumbnail/20230414/yahoo/f/f1087691891.jpg,f1087691891,https://page.auctions.yahoo.co.jp/jp/auction/f1087691891,https://aucfan.com/aucview/yahoo/f1087691891/,3619,motorpower4
ヤフオク,トヨタ ランドクルーザー 80系 フロントクリスタルウィンカーランプ FJ80 FZJ80G HZJ81V HDJ81V ランクル クリア レンズ バンパー 送料無料,3619,2023/4/11,1,https://auctions.afimg.jp/item_data/thumbnail/20230411/yahoo/f/f1087921614.jpg,f1087921614,https://page.auctions.yahoo.co.jp/jp/auction/f1087921614,https://aucfan.com/aucview/yahoo/f1087921614/,3619,auto_parts_jp
ヤフオク,S700V S700W S710V S710W アトレー R3.12～ ドアミラー自動格納キット 簡易配線図付 キーレス連動 ACC連動 送料無料 / 28-501 SM-N,3619,2023/4/21,1,https://auctions.afimg.jp/item_data/thumbnail/20230421/yahoo/f/f1088509266.jpg,f1088509266,https://page.auctions.yahoo.co.jp/jp/auction/f1088509266,https://aucfan.com/aucview/yahoo/f1088509266/,3619,motorpower4
ヤフオク,実物大 なんちゃってナンバープレート JDMプレート デザインフリー オリジナル カスタムカー 車種 地名,3619,2023/4/20,1,https://auctions.afimg.jp/item_data/thumbnail/20230420/yahoo/f/f1088718519.jpg,f1088718519,https://page.auctions.yahoo.co.jp/jp/auction/f1088718519,https://aucfan.com/aucview/yahoo/f1088718519/,3619,emblemstore
ヤフオク,トヨタ純正 TOYOTAロゴ入 フロント サンシェード フロントガラス 日よけ 収納袋付 RAV4 50系 MXAA52 MXAA54 AXAH52 AXAH54,3619,2023/4/27,1,https://auctions.afimg.jp/item_data/thumbnail/20230427/yahoo/f/f1089160187.jpg,f1089160187,https://page.auctions.yahoo.co.jp/jp/auction/f1089160187,https://aucfan.com/aucview/yahoo/f1089160187/,3619,truck_tuners_parts
ヤフオク,S500P S510P ハイゼットトラック ジャンボ 後期 R4.1～ ドアミラー自動格納キット 簡易配線図付 キーレス連動 ACC連動 送料無料 / 28-501 S,3619,2023/5/1,3,https://auctions.afimg.jp/item_data/thumbnail/20230501/yahoo/f/f1089652159.jpg,f1089652159,https://page.auctions.yahoo.co.jp/jp/auction/f1089652159,https://aucfan.com/aucview/yahoo/f1089652159/,3619,motorpower4
ヤフオク,高品質♪ メルセデス ベンツ リアル ドライ カーボン キー カバー Ｗ247 B180 B200d AMGライン Bクラス,3619,2023/5/3,1,https://auctions.afimg.jp/item_data/thumbnail/20230503/yahoo/f/f1089672919.jpg,f1089672919,https://page.auctions.yahoo.co.jp/jp/auction/f1089672919,https://aucfan.com/aucview/yahoo/f1089672919/,3619,wiper_only_one
ヤフオク,HKS エアフィルター 70017-AT122 トヨタ 80系 ノア ヴォクシー/60系 ハリアー/30系 プリウス等用,3619,2023/4/28,2,https://auctions.afimg.jp/item_data/thumbnail/20230428/yahoo/f/f1089826658.jpg,f1089826658,https://page.auctions.yahoo.co.jp/jp/auction/f1089826658,https://aucfan.com/aucview/yahoo/f1089826658/,3619,caa_kepek45
ヤフオク,S700V S710V ハイゼットカーゴ クルーズ R3.12～ ドアミラー自動格納キット 簡易配線図付 キーレス連動 ACC連動 送料無料 / 28-501 SM-N,3619,2023/5/5,2,https://auctions.afimg.jp/item_data/thumbnail/20230505/yahoo/f/f1090166403.jpg,f1090166403,https://page.auctions.yahoo.co.jp/jp/auction/f1090166403,https://aucfan.com/aucview/yahoo/f1090166403/,3619,motorpower4
ヤフオク,フォレスターSJ系 SJ5 SJG 専用設計 サンシェード 車用カーテン カーシェード 遮光 断熱 車中泊グッズ 防災グッズ パーツ 紫外線対策,3619,2023/4/11,1,https://auctions.afimg.jp/item_data/thumbnail/20230411/yahoo/g/g1058779772.jpg,g1058779772,https://page.auctions.yahoo.co.jp/jp/auction/g1058779772,https://aucfan.com/aucview/yahoo/g1058779772/,3619,frjli19235
ヤフオク,スパッタシルバー35 運転席・助手席　タント　L375S・L385S　カット済みカーフィルム,3619,2023/4/14,1,https://auctions.afimg.jp/item_data/thumbnail/20230414/yahoo/g/g1059986705.jpg,g1059986705,https://page.auctions.yahoo.co.jp/jp/auction/g1059986705,https://aucfan.com/aucview/yahoo/g1059986705/,3619,japancarfilm_com
ヤフオク,スパッタシルバー35　運転席・助手席　レクサス HS　ANF10 カット済みカーフィルム　,3619,2023/5/5,1,https://auctions.afimg.jp/item_data/thumbnail/20230505/yahoo/g/g1062258875.jpg,g1062258875,https://page.auctions.yahoo.co.jp/jp/auction/g1062258875,https://aucfan.com/aucview/yahoo/g1062258875/,3619,japancarfilm_com
ヤフオク,リアブレーキシュー ジムニー JB23W 用 リヤブレーキシュー K5524 スズキ MKカシヤマ,3619,2023/4/13,1,https://auctions.afimg.jp/item_data/thumbnail/20230413/yahoo/g/g1066269454.jpg,g1066269454,https://page.auctions.yahoo.co.jp/jp/auction/g1066269454,https://aucfan.com/aucview/yahoo/g1066269454/,3619,starparts00
ヤフオク,100W H11 LED フォグ BL系 アクセラセダン 後期 2個セット 12V 20000ルーメン 6000ケルビン,3619,2023/4/28,1,https://auctions.afimg.jp/item_data/thumbnail/20230428/yahoo/g/g1070670292.jpg,g1070670292,https://page.auctions.yahoo.co.jp/jp/auction/g1070670292,https://aucfan.com/aucview/yahoo/g1070670292/,3619,inex_shop
ヤフオク,ダークスモーク　13％　ハイエースワゴン　H214W・H219W　後期　タイプ８　カット済みカーフィルム　リヤーセット,3619,2023/4/26,1,https://auctions.afimg.jp/item_data/thumbnail/20230426/yahoo/g/g1074234244.jpg,g1074234244,https://page.auctions.yahoo.co.jp/jp/auction/g1074234244,https://aucfan.com/aucview/yahoo/g1074234244/,3619,sevenshop_com
ヤフオク,L675S/L685S ミラココア [H21.8-H30.3] ドアミラー サイドミラー 自動格納キット Jタイプ オートリトラクタブルミラー キーレス連動,3619,2023/4/30,1,https://auctions.afimg.jp/item_data/thumbnail/20230430/yahoo/g/g1084389524.jpg,g1084389524,https://page.auctions.yahoo.co.jp/jp/auction/g1084389524,https://aucfan.com/aucview/yahoo/g1084389524/,3619,inex_shop
ヤフオク,SJ30/JA71/JA11/JA22/SJ40/JA51 ジムニー マニュアルフリーハブ フロント ハブロック 単品 フリーホイールハブ 手動切替,3619,2023/4/22,1,https://auctions.afimg.jp/item_data/thumbnail/20230422/yahoo/g/g1084482955.jpg,g1084482955,https://page.auctions.yahoo.co.jp/jp/auction/g1084482955,https://aucfan.com/aucview/yahoo/g1084482955/,3619,inex_shop
ヤフオク,トヨタ ランドクルーザー 80系 フロントクリスタルウィンカーランプ FJ80 FZJ80G HZJ81V HDJ81V ランクル クリア レンズ バンパー 送料無料,3619,2023/4/29,1,https://auctions.afimg.jp/item_data/thumbnail/20230429/yahoo/g/g1085440768.jpg,g1085440768,https://page.auctions.yahoo.co.jp/jp/auction/g1085440768,https://aucfan.com/aucview/yahoo/g1085440768/,3619,auto_parts_jp
ヤフオク,ハイゼットトラック ハイゼットジャンボ S500P 鳥居プロテクター 1本 アルミ縞板 鳥居ガード 軽トラ DIY パーツ 外装 カスタム HIJET TRUCK,3619,2023/4/16,1,https://auctions.afimg.jp/item_data/thumbnail/20230416/yahoo/g/g1085698877.jpg,g1085698877,https://page.auctions.yahoo.co.jp/jp/auction/g1085698877,https://aucfan.com/aucview/yahoo/g1085698877/,3619,asobi_tai2007
ヤフオク,トヨタ純正 TOYOTA ロゴ入り フロント サンシェード 日よけ 収納袋付き ハリアー60系 ZSU60W ZSU65W AVU65W,3619,2023/4/8,1,https://auctions.afimg.jp/item_data/thumbnail/20230408/yahoo/g/g1085948203.jpg,g1085948203,https://page.auctions.yahoo.co.jp/jp/auction/g1085948203,https://aucfan.com/aucview/yahoo/g1085948203/,3619,truck_tuners_parts
ヤフオク,トヨタ 100系 ハイエース バン 後期 クリア フロント コーナーランプ ウインカー クリスタル ライト ランプ 左右セット,3619,2023/4/19,1,https://auctions.afimg.jp/item_data/thumbnail/20230419/yahoo/g/g1086732098.jpg,g1086732098,https://page.auctions.yahoo.co.jp/jp/auction/g1086732098,https://aucfan.com/aucview/yahoo/g1086732098/,3619,truck_tuners_parts